{"cameraMode":{"drawMode":0,"name":"Shaded","section":"Shading Mode"},"sceneLighting":false,"audioPlay":false,"sceneViewState":{"m_AlwaysRefresh":false,"showFog":true,"showSkybox":false,"showFlares":true,"showImageEffects":true,"showParticleSystems":true,"showVisualEffectGraphs":true,"m_FxEnabled":true},"in2DMode":false,"pivot":{"x":-1.8966761827468873,"y":0.9234594702720642,"z":-0.06451527774333954},"rotation":{"x":0.16658133268356324,"y":0.5822582244873047,"z":-0.12337979674339295,"w":0.7861359715461731},"size":0.4167129695415497,"orthographic":false}